sku,image
WP01,/sample_data/w/p/wp01-gray_back.jpg
WP01,/sample_data/w/p/wp01-gray_main.jpg
WP01-28-Black,/sample_data/w/p/wp01-black_main.jpg
WP01-28-Gray,/sample_data/w/p/wp01-gray_back.jpg
WP01-28-Gray,/sample_data/w/p/wp01-gray_main.jpg
WP01-28-White,/sample_data/w/p/wp01-white_main.jpg
WP01-29-Black,/sample_data/w/p/wp01-black_main.jpg
WP01-29-Gray,/sample_data/w/p/wp01-gray_back.jpg
WP01-29-Gray,/sample_data/w/p/wp01-gray_main.jpg
WP01-29-White,/sample_data/w/p/wp01-white_main.jpg
WP02,/sample_data/w/p/wp02-blue_back.jpg
WP02,/sample_data/w/p/wp02-blue_main.jpg
WP02-28-Blue,/sample_data/w/p/wp02-blue_back.jpg
WP02-28-Blue,/sample_data/w/p/wp02-blue_main.jpg
WP02-28-Purple,/sample_data/w/p/wp02-purple_main.jpg
WP02-28-Red,/sample_data/w/p/wp02-red_main.jpg
WP02-29-Blue,/sample_data/w/p/wp02-blue_back.jpg
WP02-29-Blue,/sample_data/w/p/wp02-blue_main.jpg
WP02-29-Purple,/sample_data/w/p/wp02-purple_main.jpg
WP02-29-Red,/sample_data/w/p/wp02-red_main.jpg
WP03,/sample_data/w/p/wp03-blue_alt1.jpg
WP03,/sample_data/w/p/wp03-blue_back.jpg
WP03,/sample_data/w/p/wp03-blue_main.jpg
WP03-28-Black,/sample_data/w/p/wp03-black_main.jpg
WP03-28-Blue,/sample_data/w/p/wp03-blue_alt1.jpg
WP03-28-Blue,/sample_data/w/p/wp03-blue_back.jpg
WP03-28-Blue,/sample_data/w/p/wp03-blue_main.jpg
WP03-28-Purple,/sample_data/w/p/wp03-purple_main.jpg
WP03-29-Black,/sample_data/w/p/wp03-black_main.jpg
WP03-29-Blue,/sample_data/w/p/wp03-blue_alt1.jpg
WP03-29-Blue,/sample_data/w/p/wp03-blue_back.jpg
WP03-29-Blue,/sample_data/w/p/wp03-blue_main.jpg
WP03-29-Purple,/sample_data/w/p/wp03-purple_main.jpg
WP04,/sample_data/w/p/wp04-blue_alt1.jpg
WP04,/sample_data/w/p/wp04-blue_alternate.jpg
WP04,/sample_data/w/p/wp04-blue_back.jpg
WP04,/sample_data/w/p/wp04-blue_main.jpg
WP04-28-Black,/sample_data/w/p/wp04-black_main.jpg
WP04-28-Blue,/sample_data/w/p/wp04-blue_alt1.jpg
WP04-28-Blue,/sample_data/w/p/wp04-blue_alternate.jpg
WP04-28-Blue,/sample_data/w/p/wp04-blue_back.jpg
WP04-28-Blue,/sample_data/w/p/wp04-blue_main.jpg
WP04-28-White,/sample_data/w/p/wp04-white_main.jpg
WP04-29-Black,/sample_data/w/p/wp04-black_main.jpg
WP04-29-Blue,/sample_data/w/p/wp04-blue_alt1.jpg
WP04-29-Blue,/sample_data/w/p/wp04-blue_alternate.jpg
WP04-29-Blue,/sample_data/w/p/wp04-blue_back.jpg
WP04-29-Blue,/sample_data/w/p/wp04-blue_main.jpg
WP04-29-White,/sample_data/w/p/wp04-white_main.jpg
WP05,/sample_data/w/p/wp05-gray_alt1.jpg
WP05,/sample_data/w/p/wp05-gray_back.jpg
WP05,/sample_data/w/p/wp05-gray_main.jpg
WP05-28-Blue,/sample_data/w/p/wp05-blue_main.jpg
WP05-28-Gray,/sample_data/w/p/wp05-gray_alt1.jpg
WP05-28-Gray,/sample_data/w/p/wp05-gray_back.jpg
WP05-28-Gray,/sample_data/w/p/wp05-gray_main.jpg
WP05-28-Red,/sample_data/w/p/wp05-red_main.jpg
WP05-29-Blue,/sample_data/w/p/wp05-blue_main.jpg
WP05-29-Gray,/sample_data/w/p/wp05-gray_alt1.jpg
WP05-29-Gray,/sample_data/w/p/wp05-gray_back.jpg
WP05-29-Gray,/sample_data/w/p/wp05-gray_main.jpg
WP05-29-Red,/sample_data/w/p/wp05-red_main.jpg
WP06,/sample_data/w/p/wp06-black_alt1.jpg
WP06,/sample_data/w/p/wp06-black_back.jpg
WP06,/sample_data/w/p/wp06-black_main.jpg
WP06,/sample_data/w/p/wp06-black_outfit.jpg
WP06-28-Black,/sample_data/w/p/wp06-black_alt1.jpg
WP06-28-Black,/sample_data/w/p/wp06-black_back.jpg
WP06-28-Black,/sample_data/w/p/wp06-black_main.jpg
WP06-28-Black,/sample_data/w/p/wp06-black_outfit.jpg
WP06-28-Blue,/sample_data/w/p/wp06-blue_main.jpg
WP06-28-Orange,/sample_data/w/p/wp06-orange_main.jpg
WP06-29-Black,/sample_data/w/p/wp06-black_alt1.jpg
WP06-29-Black,/sample_data/w/p/wp06-black_back.jpg
WP06-29-Black,/sample_data/w/p/wp06-black_main.jpg
WP06-29-Black,/sample_data/w/p/wp06-black_outfit.jpg
WP06-29-Blue,/sample_data/w/p/wp06-blue_main.jpg
WP06-29-Orange,/sample_data/w/p/wp06-orange_main.jpg
WP07,/sample_data/w/p/wp07-black_alt1.jpg
WP07,/sample_data/w/p/wp07-black_back.jpg
WP07,/sample_data/w/p/wp07-black_main.jpg
WP07-28-Black,/sample_data/w/p/wp07-black_alt1.jpg
WP07-28-Black,/sample_data/w/p/wp07-black_back.jpg
WP07-28-Black,/sample_data/w/p/wp07-black_main.jpg
WP07-28-Blue,/sample_data/w/p/wp07-blue_main.jpg
WP07-28-Orange,/sample_data/w/p/wp07-orange_main.jpg
WP07-29-Black,/sample_data/w/p/wp07-black_alt1.jpg
WP07-29-Black,/sample_data/w/p/wp07-black_back.jpg
WP07-29-Black,/sample_data/w/p/wp07-black_main.jpg
WP07-29-Blue,/sample_data/w/p/wp07-blue_main.jpg
WP07-29-Orange,/sample_data/w/p/wp07-orange_main.jpg
WP08,/sample_data/w/p/wp08-black_back.jpg
WP08,/sample_data/w/p/wp08-black_main.jpg
WP08-28-Black,/sample_data/w/p/wp08-black_back.jpg
WP08-28-Black,/sample_data/w/p/wp08-black_main.jpg
WP08-28-Green,/sample_data/w/p/wp08-green_main.jpg
WP08-28-Red,/sample_data/w/p/wp08-red_main.jpg
WP08-29-Black,/sample_data/w/p/wp08-black_back.jpg
WP08-29-Black,/sample_data/w/p/wp08-black_main.jpg
WP08-29-Green,/sample_data/w/p/wp08-green_main.jpg
WP08-29-Red,/sample_data/w/p/wp08-red_main.jpg
WP09,/sample_data/w/p/wp09-black_alt1.jpg
WP09,/sample_data/w/p/wp09-black_back.jpg
WP09,/sample_data/w/p/wp09-black_main.jpg
WP09,/sample_data/w/p/wp09-black_outfit.jpg
WP09-28-Black,/sample_data/w/p/wp09-black_alt1.jpg
WP09-28-Black,/sample_data/w/p/wp09-black_back.jpg
WP09-28-Black,/sample_data/w/p/wp09-black_main.jpg
WP09-28-Black,/sample_data/w/p/wp09-black_outfit.jpg
WP09-28-Blue,/sample_data/w/p/wp09-blue_main.jpg
WP09-28-Purple,/sample_data/w/p/wp09-purple_main.jpg
WP09-29-Black,/sample_data/w/p/wp09-black_alt1.jpg
WP09-29-Black,/sample_data/w/p/wp09-black_back.jpg
WP09-29-Black,/sample_data/w/p/wp09-black_main.jpg
WP09-29-Black,/sample_data/w/p/wp09-black_outfit.jpg
WP09-29-Blue,/sample_data/w/p/wp09-blue_main.jpg
WP09-29-Purple,/sample_data/w/p/wp09-purple_main.jpg
WP10,/sample_data/w/p/wp10-gray_alt1.jpg
WP10,/sample_data/w/p/wp10-gray_back.jpg
WP10,/sample_data/w/p/wp10-gray_main.jpg
WP10-28-Black,/sample_data/w/p/wp10-black_main.jpg
WP10-28-Gray,/sample_data/w/p/wp10-gray_alt1.jpg
WP10-28-Gray,/sample_data/w/p/wp10-gray_back.jpg
WP10-28-Gray,/sample_data/w/p/wp10-gray_main.jpg
WP10-28-White,/sample_data/w/p/wp10-white_main.jpg
WP10-29-Black,/sample_data/w/p/wp10-black_main.jpg
WP10-29-Gray,/sample_data/w/p/wp10-gray_alt1.jpg
WP10-29-Gray,/sample_data/w/p/wp10-gray_back.jpg
WP10-29-Gray,/sample_data/w/p/wp10-gray_main.jpg
WP10-29-White,/sample_data/w/p/wp10-white_main.jpg
WP11,/sample_data/w/p/wp11-green_back.jpg
WP11,/sample_data/w/p/wp11-green_main.jpg
WP11-28-Blue,/sample_data/w/p/wp11-blue_main.jpg
WP11-28-Green,/sample_data/w/p/wp11-green_back.jpg
WP11-28-Green,/sample_data/w/p/wp11-green_main.jpg
WP11-28-Red,/sample_data/w/p/wp11-red_main.jpg
WP11-29-Blue,/sample_data/w/p/wp11-blue_main.jpg
WP11-29-Green,/sample_data/w/p/wp11-green_back.jpg
WP11-29-Green,/sample_data/w/p/wp11-green_main.jpg
WP11-29-Red,/sample_data/w/p/wp11-red_main.jpg
WP12,/sample_data/w/p/wp12-gray_back.jpg
WP12,/sample_data/w/p/wp12-gray_main.jpg
WP12-28-Blue,/sample_data/w/p/wp12-blue_main.jpg
WP12-28-Gray,/sample_data/w/p/wp12-gray_back.jpg
WP12-28-Gray,/sample_data/w/p/wp12-gray_main.jpg
WP12-28-Green,/sample_data/w/p/wp12-green_main.jpg
WP12-29-Blue,/sample_data/w/p/wp12-blue_main.jpg
WP12-29-Gray,/sample_data/w/p/wp12-gray_back.jpg
WP12-29-Gray,/sample_data/w/p/wp12-gray_main.jpg
WP12-29-Green,/sample_data/w/p/wp12-green_main.jpg
WP13,/sample_data/w/p/wp13-orange_back.jpg
WP13,/sample_data/w/p/wp13-orange_main.jpg
WP13-28-Blue,/sample_data/w/p/wp13-blue_main.jpg
WP13-28-Green,/sample_data/w/p/wp13-green_main.jpg
WP13-28-Orange,/sample_data/w/p/wp13-orange_back.jpg
WP13-28-Orange,/sample_data/w/p/wp13-orange_main.jpg
WP13-29-Blue,/sample_data/w/p/wp13-blue_main.jpg
WP13-29-Green,/sample_data/w/p/wp13-green_main.jpg
WP13-29-Orange,/sample_data/w/p/wp13-orange_back.jpg
WP13-29-Orange,/sample_data/w/p/wp13-orange_main.jpg
WSH01,/sample_data/w/s/wsh01-black_back.jpg
WSH01,/sample_data/w/s/wsh01-black_main.jpg
WSH01-28-Black,/sample_data/w/s/wsh01-black_back.jpg
WSH01-28-Black,/sample_data/w/s/wsh01-black_main.jpg
WSH01-28-Green,/sample_data/w/s/wsh01-green_main.jpg
WSH01-28-Red,/sample_data/w/s/wsh01-red_main.jpg
WSH01-29-Black,/sample_data/w/s/wsh01-black_back.jpg
WSH01-29-Black,/sample_data/w/s/wsh01-black_main.jpg
WSH01-29-Green,/sample_data/w/s/wsh01-green_main.jpg
WSH01-29-Red,/sample_data/w/s/wsh01-red_main.jpg
WSH01-30-Black,/sample_data/w/s/wsh01-black_back.jpg
WSH01-30-Black,/sample_data/w/s/wsh01-black_main.jpg
WSH01-30-Green,/sample_data/w/s/wsh01-green_main.jpg
WSH01-30-Red,/sample_data/w/s/wsh01-red_main.jpg
WSH01-31-Black,/sample_data/w/s/wsh01-black_back.jpg
WSH01-31-Black,/sample_data/w/s/wsh01-black_main.jpg
WSH01-31-Green,/sample_data/w/s/wsh01-green_main.jpg
WSH01-31-Red,/sample_data/w/s/wsh01-red_main.jpg
WSH01-32-Black,/sample_data/w/s/wsh01-black_back.jpg
WSH01-32-Black,/sample_data/w/s/wsh01-black_main.jpg
WSH01-32-Green,/sample_data/w/s/wsh01-green_main.jpg
WSH01-32-Red,/sample_data/w/s/wsh01-red_main.jpg
WSH02,/sample_data/w/s/wsh02-gray_back.jpg
WSH02,/sample_data/w/s/wsh02-gray_main.jpg
WSH02-28-Gray,/sample_data/w/s/wsh02-gray_back.jpg
WSH02-28-Gray,/sample_data/w/s/wsh02-gray_main.jpg
WSH02-28-Orange,/sample_data/w/s/wsh02-orange_main.jpg
WSH02-28-Yellow,/sample_data/w/s/wsh02-yellow_main.jpg
WSH02-29-Gray,/sample_data/w/s/wsh02-gray_back.jpg
WSH02-29-Gray,/sample_data/w/s/wsh02-gray_main.jpg
WSH02-29-Orange,/sample_data/w/s/wsh02-orange_main.jpg
WSH02-29-Yellow,/sample_data/w/s/wsh02-yellow_main.jpg
WSH02-30-Gray,/sample_data/w/s/wsh02-gray_back.jpg
WSH02-30-Gray,/sample_data/w/s/wsh02-gray_main.jpg
WSH02-30-Orange,/sample_data/w/s/wsh02-orange_main.jpg
WSH02-30-Yellow,/sample_data/w/s/wsh02-yellow_main.jpg
WSH02-31-Gray,/sample_data/w/s/wsh02-gray_back.jpg
WSH02-31-Gray,/sample_data/w/s/wsh02-gray_main.jpg
WSH02-31-Orange,/sample_data/w/s/wsh02-orange_main.jpg
WSH02-31-Yellow,/sample_data/w/s/wsh02-yellow_main.jpg
WSH02-32-Gray,/sample_data/w/s/wsh02-gray_back.jpg
WSH02-32-Gray,/sample_data/w/s/wsh02-gray_main.jpg
WSH02-32-Orange,/sample_data/w/s/wsh02-orange_main.jpg
WSH02-32-Yellow,/sample_data/w/s/wsh02-yellow_main.jpg
WSH03,/sample_data/w/s/wsh03-gray_alt1.jpg
WSH03,/sample_data/w/s/wsh03-gray_back.jpg
WSH03,/sample_data/w/s/wsh03-gray_main.jpg
WSH03-28-Blue,/sample_data/w/s/wsh03-blue_main.jpg
WSH03-28-Gray,/sample_data/w/s/wsh03-gray_alt1.jpg
WSH03-28-Gray,/sample_data/w/s/wsh03-gray_back.jpg
WSH03-28-Gray,/sample_data/w/s/wsh03-gray_main.jpg
WSH03-28-Orange,/sample_data/w/s/wsh03-orange_main.jpg
WSH03-29-Blue,/sample_data/w/s/wsh03-blue_main.jpg
WSH03-29-Gray,/sample_data/w/s/wsh03-gray_alt1.jpg
WSH03-29-Gray,/sample_data/w/s/wsh03-gray_back.jpg
WSH03-29-Gray,/sample_data/w/s/wsh03-gray_main.jpg
WSH03-29-Orange,/sample_data/w/s/wsh03-orange_main.jpg
WSH03-30-Blue,/sample_data/w/s/wsh03-blue_main.jpg
WSH03-30-Gray,/sample_data/w/s/wsh03-gray_alt1.jpg
WSH03-30-Gray,/sample_data/w/s/wsh03-gray_back.jpg
WSH03-30-Gray,/sample_data/w/s/wsh03-gray_main.jpg
WSH03-30-Orange,/sample_data/w/s/wsh03-orange_main.jpg
WSH03-31-Blue,/sample_data/w/s/wsh03-blue_main.jpg
WSH03-31-Gray,/sample_data/w/s/wsh03-gray_alt1.jpg
WSH03-31-Gray,/sample_data/w/s/wsh03-gray_back.jpg
WSH03-31-Gray,/sample_data/w/s/wsh03-gray_main.jpg
WSH03-31-Orange,/sample_data/w/s/wsh03-orange_main.jpg
WSH03-32-Blue,/sample_data/w/s/wsh03-blue_main.jpg
WSH03-32-Gray,/sample_data/w/s/wsh03-gray_alt1.jpg
WSH03-32-Gray,/sample_data/w/s/wsh03-gray_back.jpg
WSH03-32-Gray,/sample_data/w/s/wsh03-gray_main.jpg
WSH03-32-Orange,/sample_data/w/s/wsh03-orange_main.jpg
WSH04,/sample_data/w/s/wsh04-black_alt1.jpg
WSH04,/sample_data/w/s/wsh04-black_back.jpg
WSH04,/sample_data/w/s/wsh04-black_main.jpg
WSH04-28-Black,/sample_data/w/s/wsh04-black_alt1.jpg
WSH04-28-Black,/sample_data/w/s/wsh04-black_back.jpg
WSH04-28-Black,/sample_data/w/s/wsh04-black_main.jpg
WSH04-28-Green,/sample_data/w/s/wsh04-green_main.jpg
WSH04-28-Orange,/sample_data/w/s/wsh04-orange_main.jpg
WSH04-29-Black,/sample_data/w/s/wsh04-black_alt1.jpg
WSH04-29-Black,/sample_data/w/s/wsh04-black_back.jpg
WSH04-29-Black,/sample_data/w/s/wsh04-black_main.jpg
WSH04-29-Green,/sample_data/w/s/wsh04-green_main.jpg
WSH04-29-Orange,/sample_data/w/s/wsh04-orange_main.jpg
WSH04-30-Black,/sample_data/w/s/wsh04-black_alt1.jpg
WSH04-30-Black,/sample_data/w/s/wsh04-black_back.jpg
WSH04-30-Black,/sample_data/w/s/wsh04-black_main.jpg
WSH04-30-Green,/sample_data/w/s/wsh04-green_main.jpg
WSH04-30-Orange,/sample_data/w/s/wsh04-orange_main.jpg
WSH04-31-Black,/sample_data/w/s/wsh04-black_alt1.jpg
WSH04-31-Black,/sample_data/w/s/wsh04-black_back.jpg
WSH04-31-Black,/sample_data/w/s/wsh04-black_main.jpg
WSH04-31-Green,/sample_data/w/s/wsh04-green_main.jpg
WSH04-31-Orange,/sample_data/w/s/wsh04-orange_main.jpg
WSH04-32-Black,/sample_data/w/s/wsh04-black_alt1.jpg
WSH04-32-Black,/sample_data/w/s/wsh04-black_back.jpg
WSH04-32-Black,/sample_data/w/s/wsh04-black_main.jpg
WSH04-32-Green,/sample_data/w/s/wsh04-green_main.jpg
WSH04-32-Orange,/sample_data/w/s/wsh04-orange_main.jpg
WSH05,/sample_data/w/s/wsh05-blue_back.jpg
WSH05,/sample_data/w/s/wsh05-blue_main.jpg
WSH05-28-Blue,/sample_data/w/s/wsh05-blue_back.jpg
WSH05-28-Blue,/sample_data/w/s/wsh05-blue_main.jpg
WSH05-28-Purple,/sample_data/w/s/wsh05-purple_main.jpg
WSH05-28-Yellow,/sample_data/w/s/wsh05-yellow_main.jpg
WSH05-29-Blue,/sample_data/w/s/wsh05-blue_back.jpg
WSH05-29-Blue,/sample_data/w/s/wsh05-blue_main.jpg
WSH05-29-Purple,/sample_data/w/s/wsh05-purple_main.jpg
WSH05-29-Yellow,/sample_data/w/s/wsh05-yellow_main.jpg
WSH05-30-Blue,/sample_data/w/s/wsh05-blue_back.jpg
WSH05-30-Blue,/sample_data/w/s/wsh05-blue_main.jpg
WSH05-30-Purple,/sample_data/w/s/wsh05-purple_main.jpg
WSH05-30-Yellow,/sample_data/w/s/wsh05-yellow_main.jpg
WSH05-31-Blue,/sample_data/w/s/wsh05-blue_back.jpg
WSH05-31-Blue,/sample_data/w/s/wsh05-blue_main.jpg
WSH05-31-Purple,/sample_data/w/s/wsh05-purple_main.jpg
WSH05-31-Yellow,/sample_data/w/s/wsh05-yellow_main.jpg
WSH05-32-Blue,/sample_data/w/s/wsh05-blue_back.jpg
WSH05-32-Blue,/sample_data/w/s/wsh05-blue_main.jpg
WSH05-32-Purple,/sample_data/w/s/wsh05-purple_main.jpg
WSH05-32-Yellow,/sample_data/w/s/wsh05-yellow_main.jpg
WSH06,/sample_data/w/s/wsh06-gray_alt1.jpg
WSH06,/sample_data/w/s/wsh06-gray_back.jpg
WSH06,/sample_data/w/s/wsh06-gray_main.jpg
WSH06-28-Gray,/sample_data/w/s/wsh06-gray_alt1.jpg
WSH06-28-Gray,/sample_data/w/s/wsh06-gray_back.jpg
WSH06-28-Gray,/sample_data/w/s/wsh06-gray_main.jpg
WSH06-28-Orange,/sample_data/w/s/wsh06-orange_main.jpg
WSH06-28-Purple,/sample_data/w/s/wsh06-purple_main.jpg
WSH06-29-Gray,/sample_data/w/s/wsh06-gray_alt1.jpg
WSH06-29-Gray,/sample_data/w/s/wsh06-gray_back.jpg
WSH06-29-Gray,/sample_data/w/s/wsh06-gray_main.jpg
WSH06-29-Orange,/sample_data/w/s/wsh06-orange_main.jpg
WSH06-29-Purple,/sample_data/w/s/wsh06-purple_main.jpg
WSH07,/sample_data/w/s/wsh07-black_back.jpg
WSH07,/sample_data/w/s/wsh07-black_main.jpg
WSH07-28-Black,/sample_data/w/s/wsh07-black_back.jpg
WSH07-28-Black,/sample_data/w/s/wsh07-black_main.jpg
WSH07-28-Blue,/sample_data/w/s/wsh07-blue_main.jpg
WSH07-28-Purple,/sample_data/w/s/wsh07-purple_main.jpg
WSH07-29-Black,/sample_data/w/s/wsh07-black_back.jpg
WSH07-29-Black,/sample_data/w/s/wsh07-black_main.jpg
WSH07-29-Blue,/sample_data/w/s/wsh07-blue_main.jpg
WSH07-29-Purple,/sample_data/w/s/wsh07-purple_main.jpg
WSH08,/sample_data/w/s/wsh08-purple_back.jpg
WSH08,/sample_data/w/s/wsh08-purple_main.jpg
WSH08-28-Purple,/sample_data/w/s/wsh08-purple_back.jpg
WSH08-28-Purple,/sample_data/w/s/wsh08-purple_main.jpg
WSH08-29-Purple,/sample_data/w/s/wsh08-purple_back.jpg
WSH08-29-Purple,/sample_data/w/s/wsh08-purple_main.jpg
WSH08-30-Purple,/sample_data/w/s/wsh08-purple_back.jpg
WSH08-30-Purple,/sample_data/w/s/wsh08-purple_main.jpg
WSH08-31-Purple,/sample_data/w/s/wsh08-purple_back.jpg
WSH08-31-Purple,/sample_data/w/s/wsh08-purple_main.jpg
WSH08-32-Purple,/sample_data/w/s/wsh08-purple_back.jpg
WSH08-32-Purple,/sample_data/w/s/wsh08-purple_main.jpg
WSH09,/sample_data/w/s/wsh09-gray_alt1.jpg
WSH09,/sample_data/w/s/wsh09-gray_back.jpg
WSH09,/sample_data/w/s/wsh09-gray_main.jpg
WSH09-28-Gray,/sample_data/w/s/wsh09-gray_alt1.jpg
WSH09-28-Gray,/sample_data/w/s/wsh09-gray_back.jpg
WSH09-28-Gray,/sample_data/w/s/wsh09-gray_main.jpg
WSH09-28-Green,/sample_data/w/s/wsh09-green_main.jpg
WSH09-28-White,/sample_data/w/s/wsh09-white_main.jpg
WSH09-29-Gray,/sample_data/w/s/wsh09-gray_alt1.jpg
WSH09-29-Gray,/sample_data/w/s/wsh09-gray_back.jpg
WSH09-29-Gray,/sample_data/w/s/wsh09-gray_main.jpg
WSH09-29-Green,/sample_data/w/s/wsh09-green_main.jpg
WSH09-29-White,/sample_data/w/s/wsh09-white_main.jpg
WSH10,/sample_data/w/s/wsh10-black_alt1.jpg
WSH10,/sample_data/w/s/wsh10-black_back.jpg
WSH10,/sample_data/w/s/wsh10-black_main.jpg
WSH10-28-Black,/sample_data/w/s/wsh10-black_alt1.jpg
WSH10-28-Black,/sample_data/w/s/wsh10-black_back.jpg
WSH10-28-Black,/sample_data/w/s/wsh10-black_main.jpg
WSH10-28-Orange,/sample_data/w/s/wsh10-orange_main.jpg
WSH10-28-White,/sample_data/w/s/wsh10-white_main.jpg
WSH10-29-Black,/sample_data/w/s/wsh10-black_alt1.jpg
WSH10-29-Black,/sample_data/w/s/wsh10-black_back.jpg
WSH10-29-Black,/sample_data/w/s/wsh10-black_main.jpg
WSH10-29-Orange,/sample_data/w/s/wsh10-orange_main.jpg
WSH10-29-White,/sample_data/w/s/wsh10-white_main.jpg
WSH11,/sample_data/w/s/wsh11-blue_back.jpg
WSH11,/sample_data/w/s/wsh11-blue_main.jpg
WSH11-28-Blue,/sample_data/w/s/wsh11-blue_back.jpg
WSH11-28-Blue,/sample_data/w/s/wsh11-blue_main.jpg
WSH11-28-Orange,/sample_data/w/s/wsh11-orange_main.jpg
WSH11-28-Red,/sample_data/w/s/wsh11-red_main.jpg
WSH11-29-Blue,/sample_data/w/s/wsh11-blue_back.jpg
WSH11-29-Blue,/sample_data/w/s/wsh11-blue_main.jpg
WSH11-29-Orange,/sample_data/w/s/wsh11-orange_main.jpg
WSH11-29-Red,/sample_data/w/s/wsh11-red_main.jpg
WSH12,/sample_data/w/s/wsh12-green_alt1.jpg
WSH12,/sample_data/w/s/wsh12-green_back.jpg
WSH12,/sample_data/w/s/wsh12-green_main.jpg
WSH12-28-Green,/sample_data/w/s/wsh12-green_alt1.jpg
WSH12-28-Green,/sample_data/w/s/wsh12-green_back.jpg
WSH12-28-Green,/sample_data/w/s/wsh12-green_main.jpg
WSH12-28-Purple,/sample_data/w/s/wsh12-purple_main.jpg
WSH12-28-Red,/sample_data/w/s/wsh12-red_main.jpg
WSH12-29-Green,/sample_data/w/s/wsh12-green_alt1.jpg
WSH12-29-Green,/sample_data/w/s/wsh12-green_back.jpg
WSH12-29-Green,/sample_data/w/s/wsh12-green_main.jpg
WSH12-29-Purple,/sample_data/w/s/wsh12-purple_main.jpg
WSH12-29-Red,/sample_data/w/s/wsh12-red_main.jpg
WSH12-30-Green,/sample_data/w/s/wsh12-green_alt1.jpg
WSH12-30-Green,/sample_data/w/s/wsh12-green_back.jpg
WSH12-30-Green,/sample_data/w/s/wsh12-green_main.jpg
WSH12-30-Purple,/sample_data/w/s/wsh12-purple_main.jpg
WSH12-30-Red,/sample_data/w/s/wsh12-red_main.jpg
WSH12-31-Green,/sample_data/w/s/wsh12-green_alt1.jpg
WSH12-31-Green,/sample_data/w/s/wsh12-green_back.jpg
WSH12-31-Green,/sample_data/w/s/wsh12-green_main.jpg
WSH12-31-Purple,/sample_data/w/s/wsh12-purple_main.jpg
WSH12-31-Red,/sample_data/w/s/wsh12-red_main.jpg
WSH12-32-Green,/sample_data/w/s/wsh12-green_alt1.jpg
WSH12-32-Green,/sample_data/w/s/wsh12-green_back.jpg
WSH12-32-Green,/sample_data/w/s/wsh12-green_main.jpg
WSH12-32-Purple,/sample_data/w/s/wsh12-purple_main.jpg
WSH12-32-Red,/sample_data/w/s/wsh12-red_main.jpg
